ID,LIMIT_BAL,SEX,EDUCATION,MARRIAGE,AGE,PAY_0,PAY_2,PAY_3,PAY_4,PAY_5,PAY_6,BILL_AMT1,BILL_AMT2,BILL_AMT3,BILL_AMT4,BILL_AMT5,BILL_AMT6,PAY_AMT1,PAY_AMT2,PAY_AMT3,PAY_AMT4,PAY_AMT5,PAY_AMT6,default payment next month,predictions
51,70000,1,,2,42,1,2,2,2,2,0,37042,36171,38355,39423,38659,39362,0,3100,2000,0,1500,1500,1,null
366,330000,2,,1,56,1,-1,-1,-2,-1,-1,-9,1520,1488,0,3965,8676,1529,1507,0,3965,8676,384,0,0.13909176
692,170000,1,,2,27,-1,2,2,-2,-2,-2,1170,780,0,0,0,0,0,0,0,0,0,0,0,0.58724976
1065,30000,2,,1,55,2,0,0,0,0,0,29278,30393,29785,30377,30155,31098,1600,1585,1377,1155,2600,0,1,null
1163,180000,2,,1,36,0,0,0,-2,-1,0,21494,25600,0,0,36565,37353,5000,0,0,36565,1548,1000,0,0.025397163
1283,140000,2,,2,36,0,0,0,0,0,0,91226,83650,80037,53055,102587,98251,4182,4000,4000,98000,4000,3500,0,0.018938914
1379,200000,1,,1,58,0,0,0,0,0,0,192461,195970,122214,124647,126921,129167,7822,4417,4446,4597,4677,4698,0,0.11507234
1393,200000,2,,1,26,0,0,0,0,0,0,47236,45200,35939,34096,34876,34615,1800,1603,2000,2500,1500,1500,0,0.24016324
1672,50000,2,university,3,51,0,-1,0,0,0,-2,10571,2477,3234,2904,0,0,2477,2904,0,0,0,0,0,0.19961464
1707,230000,1,,2,35,2,2,2,2,2,2,117277,119823,120988,121464,123740,120937,5800,4500,3800,5000,0,4500,0,0.822943
2618,50000,2,,1,31,2,0,0,0,0,0,29767,30206,27905,17174,17533,17240,1615,1670,605,626,654,567,1,0.6955482
3209,80000,2,,1,23,0,0,0,0,0,0,72364,64105,45867,29713,30270,27912,2756,1366,1000,1023,1093,700,0,0.03992664
3239,150000,2,,2,25,-1,-1,0,0,0,-1,3167,13680,12848,8445,6868,1310,13879,4000,0,0,1310,0,0,0.018563049
3678,360000,1,,1,37,-1,-1,-1,-1,-1,-1,390,390,390,390,390,390,390,390,390,390,390,780,0,0.020925013
3888,300000,1,,2,43,0,0,0,0,0,0,158741,155438,146043,142726,138849,137499,5823,5310,5302,5035,5118,4532,0,0.018938914
4416,170000,1,,1,48,-1,-1,-1,0,0,-2,390,390,780,780,0,0,390,780,0,0,0,0,0,0.58724976
4545,150000,1,,1,44,0,0,0,0,0,0,146277,127679,73323,74783,76360,77868,3952,2614,2631,2735,2740,2720,0,0.11507234
4687,60000,2,,2,26,0,0,0,0,0,0,56146,56929,55009,30181,41528,21069,2314,1459,914,1900,800,932,0,0.41294974
5637,210000,2,,2,42,-1,-1,-1,0,-1,-1,1631,1024,1520,916,586,1466,1024,1520,0,586,1466,427,0,0.025397163
5841,110000,2,,2,26,0,0,0,0,0,0,65800,67251,70065,72017,77943,79694,2510,4000,3000,7000,3100,1377,0,0.011909825
6161,370000,1,,1,40,1,-2,-2,-2,-2,-2,0,0,0,0,0,0,0,0,0,0,0,0,1,0.13909176
6287,80000,2,,1,48,0,0,0,0,0,0,79518,77757,32325,25670,30089,29395,2264,1420,1002,6005,2000,970,0,0.018563049
6423,220000,1,,2,34,0,0,0,0,0,0,29549,28267,29708,25407,25109,23320,2000,3000,800,5000,5000,2000,0,0.038274996
6461,380000,2,,1,54,-1,-1,0,0,-1,-1,1630,65757,65201,39281,80561,19302,65757,1628,196,80962,19395,13452,0,0.038274996
6468,200000,1,,2,27,1,-1,-1,-1,-1,-1,-36,7203,5360,4481,10330,5599,7239,5395,4503,10381,5627,4935,0,0.018938914
7572,220000,2,,1,25,0,0,0,0,0,0,93674,123673,92036,93935,94607,93903,3500,4846,3000,3000,3000,10000,0,0.24016324
7766,300000,2,,1,40,0,0,0,0,0,-1,184164,151244,150727,196467,201425,-8276,7028,6000,50000,10013,9505,175074,0,0.0057515143
7928,120000,2,,1,50,0,0,0,0,0,0,119231,120651,73115,64398,42588,42863,3825,2276,1909,1510,1663,1445,0,0.24016324
7947,20000,2,,1,50,7,6,5,4,3,2,22858,22246,21623,21000,20388,19915,0,0,0,0,0,994,1,0.6840885
7952,50000,2,,2,35,0,0,0,0,0,0,33507,32401,7087,7227,7378,7527,1108,1118,258,267,271,1147,0,0.227768
8522,180000,2,,2,26,2,2,0,0,0,0,182218,173980,262878,128739,130929,130437,0,5000,5000,4738,4915,4661,0,0.3213846
8571,50000,2,,2,25,0,0,0,0,0,0,49604,29449,16005,16472,18072,18405,2000,1600,1000,2000,618,2000,0,0.1641903
8596,20000,1,,1,40,1,2,2,-2,-2,-2,21447,20650,0,0,0,0,0,0,0,0,0,0,0,0.30515817
8898,20000,2,,2,24,-1,2,0,0,0,2,19214,15703,9914,8200,11876,4792,0,1000,0,5000,5400,13324,0,0.07388686
9165,30000,1,university,2,28,2,0,0,2,2,2,26177,27249,29473,28719,29513,28890,1800,3000,0,2400,0,1600,1,0.822943
9267,220000,1,,1,39,0,0,0,0,0,0,38647,27796,12372,4610,3668,-809,2017,3000,1000,0,0,3000,0,0.03992664
9309,50000,1,,1,33,2,2,0,0,0,-1,12632,13131,14817,13725,13147,5932,1000,2000,7000,5000,5932,25497,0,0.5876615
9344,210000,1,,2,31,2,2,0,0,2,0,200332,195530,176634,128137,130500,128838,0,6800,4900,4500,4700,4900,1,0.6955482
9517,380000,1,,2,27,-1,0,0,0,0,0,73903,66541,58665,43837,72069,61925,2924,2555,1515,37056,2413,1522,0,0.018563049
9909,360000,2,,1,35,1,-2,-2,-1,-1,-1,0,0,0,3602,1197,0,0,0,3602,1197,0,474,0,0.108194165
10020,50000,1,,2,26,0,0,0,0,0,2,44838,45894,47121,45625,49367,46001,1769,1996,1800,4603,0,1486,1,0.14923891
10206,350000,2,,1,46,0,0,0,0,0,-1,102060,86242,63012,47172,19482,125875,10069,5631,20036,5000,125000,3000,0,0.11507234
10482,420000,2,,2,41,-1,-1,-1,-1,0,0,22186,15258,13513,80831,39333,26831,15262,13523,80854,787,850,75341,0,0.025817873
11686,330000,2,,2,27,0,0,0,0,0,0,237515,230471,233421,201240,186444,158521,11012,11012,6548,6497,6037,5141,0,0.018938914
12093,220000,1,,2,31,0,0,0,0,-1,0,5254,5868,8708,4078,5365,4055,5000,3040,3520,5371,20,0,0,0.19961464
12159,130000,1,,1,39,0,0,-1,0,-1,-1,1240,0,1138,1138,2478,-3040,0,1138,0,2500,0,0,0,0.6848321
12173,50000,1,,2,22,0,0,0,0,0,0,49551,42517,35458,19778,19929,19790,1707,1321,687,705,811,874,0,0.038274996
12276,50000,2,,2,38,0,0,0,0,0,-1,41724,92054,50120,19587,10577,7533,5000,5120,10292,5577,7533,1000,0,0.041193213
12359,200000,2,,1,41,-1,-1,-1,-1,-1,-1,4533,8756,3539,5529,10332,6894,8756,3539,5529,10332,6894,3188,0,0.018938914
13071,500000,2,,1,38,1,-2,-1,-1,-2,-1,0,0,2331,0,0,2199,0,2331,0,0,2199,0,0,0.22294854
13234,60000,1,,2,44,0,0,0,0,0,0,57694,58749,38110,38525,38346,37416,2800,1900,1300,1363,1500,1466,0,0.018563049
13333,50000,2,,1,49,0,0,0,0,0,0,47649,49100,50380,19144,17625,17246,2220,2500,644,628,642,1500,0,0.03992664
13392,20000,1,,1,62,0,0,0,0,0,0,17607,18711,9540,10540,11540,0,1500,1000,1000,1000,0,0,0,0.14923891
13404,180000,2,,1,33,1,-1,0,0,0,0,-84,482,6566,6905,7385,7847,982,6500,1000,1000,1000,1000,0,0.43689537
13738,300000,1,,1,37,-1,-1,-1,-1,-1,-1,4926,2847,3351,1961,4409,2503,2855,3357,1965,4419,2509,1139,0,0.038274996
13867,30000,1,,1,36,-1,-1,-1,-1,0,-1,1493,1555,390,780,390,390,1858,390,780,0,390,0,0,0.020925013
14050,100000,2,,1,45,1,-1,-1,-2,-2,-2,0,5220,0,0,0,0,5220,0,0,0,0,0,1,0.50381017
14264,50000,1,,2,28,0,0,-1,-1,-1,-1,18771,10655,1659,6524,29949,3268,10000,1659,6546,29949,3268,399,0,0.041193213
14515,10000,2,,2,32,0,0,0,0,0,0,8509,9228,9821,9495,9469,10191,1400,1300,350,500,1650,0,0,0.09457144
14761,20000,2,,1,42,2,0,0,0,2,2,20205,16882,18094,19592,19930,20353,1500,1500,1800,800,900,36,1,0.9071702
15211,320000,2,,2,28,-1,-1,-1,-1,-1,-1,4114,390,944,473,1747,1193,390,944,473,5000,1200,980,0,0.13909176
15231,20000,2,,2,36,0,0,0,0,0,2,12530,13518,14596,15550,16790,17175,1500,1600,1500,1500,800,0,0,0.14923891
15888,360000,2,,2,27,0,0,0,0,0,0,130640,120058,110795,101668,78730,66682,4500,4100,4208,3000,2300,1800,0,0.0057515143
16143,70000,2,,1,41,0,0,0,0,0,0,23546,23462,17548,15864,14937,12841,1573,1355,1203,516,500,500,0,0.14923891
16235,210000,2,,1,40,1,-2,-2,-1,-1,-1,0,0,0,4351,0,6200,0,0,4351,0,6200,5276,0,0.018938914
16322,180000,2,university,2,44,-1,-1,-1,-1,2,-1,3481,757,9877,4383,3482,4479,761,9962,3485,2,4479,5392,0,0.044828244
16724,80000,1,,2,32,0,0,0,0,0,0,22753,25046,23466,25689,29820,22082,3000,3000,3000,4500,830,2000,0,0.025817873
16987,260000,2,,2,30,-2,-2,-2,-2,-2,-2,893,2778,4052,977,977,452,2946,4052,977,977,452,2097,1,0.039715417
17309,150000,2,,1,41,-1,-1,-1,-1,-1,-1,7939,6610,6994,8102,25715,11350,6629,7034,8112,25715,11350,12595,0,0.011909825
17656,130000,2,university,1,40,-1,-1,-1,-1,-1,-1,989,989,989,989,990,702,991,991,991,992,703,992,0,0.038274996
17919,120000,1,,2,33,2,2,2,2,2,2,87310,89273,91057,91981,89605,95245,4300,4100,3300,0,7100,0,1,0.25254652
17993,440000,1,,2,37,0,0,0,0,0,0,186061,232558,312398,222336,223882,130672,50000,100448,7015,6422,6086,4000,0,0.0057515143
18033,160000,1,,1,31,-1,-1,-1,-1,-1,-1,24465,7747,17002,17170,14685,4328,7751,17016,17185,14685,4328,5827,0,0.038274996
18330,70000,2,,2,23,0,0,0,0,0,0,64882,63824,63352,28085,28487,27006,2782,2700,1732,1134,1128,1003,1,0.038274996
18422,160000,2,,2,25,1,-1,0,0,0,-2,0,1000,2043,3133,0,0,1000,1043,1133,0,0,7482,1,0.43689537
18596,20000,2,,2,24,-1,-1,-1,-1,-1,-2,5103,3773,10132,4818,0,0,3773,10139,4830,0,0,1960,0,0.19961464
18634,150000,2,,2,27,-2,-2,-2,-2,-2,-2,35688,14736,36490,3125,7603,2995,14820,36672,3232,7641,3010,982,0,0.038274996
18882,50000,2,,2,31,0,0,0,0,0,0,51036,50718,48853,48739,9372,9736,1762,2314,1200,1000,1000,500,0,0.41294974
19151,240000,2,,1,46,0,0,0,0,-2,-2,233438,240715,246000,-150,-150,-150,11250,10950,0,0,0,672,0,0.50381017
19467,210000,2,,1,38,-1,-1,-1,-1,-1,-1,2569,3920,2529,3087,2811,3204,3920,2529,3087,2811,3204,4173,0,0.044828244
19740,50000,2,,1,46,2,3,3,2,0,0,64350,63192,57205,54371,19946,17406,5000,0,0,613,573,593,1,0.8857671
19813,290000,2,,2,41,-1,0,0,0,0,0,32192,32595,14688,17105,18875,21304,2500,13500,3000,3000,3000,2000,0,0.038274996
19821,200000,2,,1,46,-1,2,2,-1,-1,2,2893,2881,1436,1261,2849,1438,1436,0,1261,2849,0,1261,1,0.19961464
19866,100000,2,university,1,33,1,2,2,2,2,2,12560,16103,11166,10099,10861,9932,0,4250,0,1209,0,1000,0,0.227768
20199,450000,2,,2,39,-1,0,0,0,0,-1,217126,43647,39827,43978,389,389,10329,3001,5217,1,390,390,0,0.28598905
20483,160000,1,,2,26,-2,-2,-2,-2,-2,-2,1987,0,99500,-500,-500,-500,0,99500,0,0,0,0,0,0.30515817
20707,280000,1,,1,42,-2,-2,-2,-2,-2,-2,-26,-26,-26,-26,5294,-4,0,0,0,5320,0,919,0,0.034108706
20757,40000,1,,1,46,2,2,2,3,2,3,27324,30108,32515,31698,33581,32772,3573,3206,0,2700,0,0,1,0.8857671
21625,20000,2,,2,24,1,2,3,2,-1,0,9739,12322,3023,2748,12351,13927,3023,0,0,12351,4000,2000,0,0.16590865
21904,420000,2,,2,27,-1,-1,-1,-1,0,0,15629,5402,1237,24712,11912,12647,5402,1237,24712,0,2647,22019,0,0.011909825
21926,50000,2,,2,25,0,0,0,0,0,0,47858,40506,40110,41070,40731,40440,1949,1685,2777,1423,1462,1463,0,0.41294974
22074,400000,2,university,2,29,0,-1,-1,-1,0,-1,52875,55544,994,5030,4568,500,55544,994,5030,0,500,150,0,0.038274996
22349,280000,2,,2,28,-2,-2,-2,-2,-2,-2,40683,1888,1592,1312,486,886,1888,1592,1312,486,1036,438,0,0.038274996
22608,390000,2,university,1,37,0,0,0,0,0,0,200927,200612,202794,191419,81360,66864,17843,8315,6839,3000,2348,2401,0,0.11507234
22715,300000,2,,1,41,-1,-1,-1,-1,-1,-2,66132,6917,3050,1760,0,0,6983,3331,1760,0,0,891,0,0.039715417
22959,210000,2,,1,46,0,0,0,0,0,0,134700,132799,111335,114037,67224,69177,6149,4100,4547,2500,3000,2500,0,0.0057515143
23127,150000,2,,2,40,0,0,0,0,0,0,76282,78800,67443,68720,70572,72275,3705,4000,3000,3000,3000,4000,0,0.24016324
23292,180000,2,,1,39,-2,-2,-2,-2,-2,-2,0,0,0,0,0,0,0,0,0,0,0,289,1,0.020925013
23489,390000,2,,2,32,0,0,0,0,0,0,16566,20213,15204,13529,14139,14496,9076,8000,1500,1500,519,7000,0,0.038274996
23553,500000,2,,1,43,0,0,0,0,0,0,374802,355323,352868,353297,377371,365278,14000,14500,13000,13000,15000,15000,0,0.11507234
